step,elapsed_seconds,split,loss,learning_rate
300,37.689802148,train,2.342749834060669,0.00012503807674788377
300,37.689802148,valid,2.3715171813964844,0.00012503807674788377
